{
  "AutomationKey": "tx_hx_hosp",
  "FormMode": "ADD",
  "KeyValue": "10032921",
  "FormLines": [
    {
      "Caption": "Link to Person",
      "value": "10032921"
    },
    {
      "Caption": "Treatment History Type",
      "value": "Inpatient"
    },
	{
		"Caption": "Hospitalization Type",
		"value": "Mental Health"
	},
	{
		"Caption": "Key",
		"value": ""
	},
    {
      "Caption": "Admission Date",
      "value": "11/13/2023 10:11 AM"
    },
    {
      "Caption": "Discharge Date",
      "value": ""
    },
    {
      "Caption": "Facility Name",
      "value": "New York Presbyterian - Milstein"
    },
    {
      "Caption": "Source",
      "value": "CAREPORT"
    },
    {
      "Caption": "Type",
      "value": ""
    },
    {
      "Caption": "Agency",
      "value": ""
    }
  ],
  "SubData": []
}