{
    "AutomationKey": {
        "Caption": "AutomationKey",
        "value": "tx_hx_hosp"
    },
    "FormMode": {
        "Caption": "FormMode",
        "value": "ADD"
    },
    "KeyValue": {
        "Caption": "KeyValue",
        "value": "10033814"
    },
    "FormLines": [
        {
            "Caption": "AutomationKey",
            "value": "tx_hx_hosp"
        },
        {
            "Caption": "FormMode",
            "value": "ADD"
        },
        {
            "Caption": "KeyValue",
            "value": "10033814"
        },
        {
            "Caption": "Link to Person",
            "value": "10033814"
        },
        {
            "Caption": "Treatment History",
            "value": "Inpatient"
        },
        {
            "Caption": "Admission Date",
            "value": "2023-11-14 2:35 PM"
        },
        {
            "Caption": "Discharge Date",
            "value": ""
        },
        {
            "Caption": "Facility Name",
            "value": "New York Presbyterian - Milstein"
        },
        {
            "Caption": "Source",
            "value": "CAREPORT"
        },
        {
            "Caption": "Type",
            "value": ""
        },
        {
            "Caption": "Agency",
            "value": ""
        },
        {
            "Caption": "AutomationKey",
            "value": "tx_hx_hosp"
        },
        {
            "Caption": "FormMode",
            "value": "ADD"
        },
        {
            "Caption": "KeyValue",
            "value": "10033814"
        },
        {
            "Caption": "Link to Person",
            "value": "10033814"
        },
        {
            "Caption": "Treatment History",
            "value": "Inpatient"
        },
        {
            "Caption": "Admission Date",
            "value": "2023-11-13 10:11 AM"
        },
        {
            "Caption": "Discharge Date",
            "value": ""
        },
        {
            "Caption": "Facility Name",
            "value": "New York Presbyterian - Milstein"
        },
        {
            "Caption": "Source",
            "value": "CAREPORT"
        },
        {
            "Caption": "Type",
            "value": ""
        },
        {
            "Caption": "Agency",
            "value": ""
        }
    ],
    "SubData": []
}
