{
  "AutomationKey": "tx_hx_hosp",
  "FormMode": "ADD",
  "KeyValue": "10033814",
  "FormLines": [
    {
      "Caption": "Link to Person",
      "value": "10033814"
    },
    {
      "Caption": "Treatment History Type",
      "value": "Inpatient"
    },
    {
      "Caption": "Key",
      "value": "243605519"
    },
    {
      "Caption": "Admission Date",
      "value": "11/13/2023 10:11 AM"
    },
    {
      "Caption": "Discharge Date",
      "value": ""
    },
    {
      "Caption": "Facility Name",
      "value": "New York Presbyterian - Milstein"
    },
    {
      "Caption": "Source",
      "value": "CAREPORT"
    },
    {
      "Caption": "Type",
      "value": ""
    },
    {
      "Caption": "Agency",
      "value": ""
    }
  ],
  "SubData": []
}
{
  "AutomationKey": "tx_hx_hosp",
  "FormMode": "ADD",
  "KeyValue": "10033814",
  "FormLines": [
    {
      "Caption": "Link to Person",
      "value": "10033814"
    },
    {
      "Caption": "Treatment History Type",
      "value": "Inpatient"
    },
    {
      "Caption": "Key",
      "value": "243605519"
    },
    {
      "Caption": "Admission Date",
      "value": "11/14/2023 2:35 PM"
    },
    {
      "Caption": "Discharge Date",
      "value": ""
    },
    {
      "Caption": "Facility Name",
      "value": "New York Presbyterian - Milstein"
    },
    {
      "Caption": "Source",
      "value": "CAREPORT"
    },
    {
      "Caption": "Type",
      "value": ""
    },
    {
      "Caption": "Agency",
      "value": ""
    }
  ],
  "SubData": []
}
